audio,annotation,labels,split,title,description,uploader,window,prediction,embedding,entropy,prediction_incorrect
https://raw.githubusercontent.com/Renumics/spotlight/main/data/fsd50k/176641.wav,Accelerating_and_revving_and_vroom,"Squeak,Accelerating_and_revving_and_vroom,Vehicle,Engine",train,peugot 206 car interior accelerating and breaking suddenly suspension and tire squeek bumping objects inside vehicle,"Recorded with a Sony PCM-D50 from the inside of a peugot 206 on a dry sunny day.

Driver goes mad and races around. Objects inside car bump and keys in ignition rattle.   ",jorickhoofd,"[7.755465030670166, 9.58984088897705]",Bird,"[1.1879068613052368, 0.0, 0.0, 1.1491332054138184, 0.5094959735870361, 1.631615400314331, 0.6361324787139893, 0.0, 0.0, 0.25010523200035095, 0.0, 0.5748628973960876, 0.0, 0.7400170564651489, 0.0, 0.0, 0.0, 1.9152746200561523, 0.0, 0.41364163160324097, 0.0, 0.0, 0.0, 0.216917484998703, 1.5438302755355835, 1.383516550064087, 0.0, 1.1611788272857666, 0.0, 0.0, 1.0970972776412964, 0.0, 0.45423805713653564, 0.0, 1.783010721206665, 0.0, 1.5052529573440552, 0.0, 2.4777941703796387, 2.108393430709839, 0.0, 0.0, 0.0, 0.4856262803077698, 1.6438236236572266, 0.0, 0.0, 0.0, 0.0, 0.42359447479248047, 0.0, 2.023385524749756, 0.0, 0.4504118263721466, 0.0, 0.4139317274093628, 0.0930943489074707, 0.3511030673980713, 0.0, 0.0, 1.449916124343872, 1.997346043586731, 2.008922576904297, 0.40604153275489807, 2.084667682647705, 3.5998880863189697, 0.0, 2.8991832733154297, 1.5674721002578735, 0.0, 0.7667213082313538, 0.0, 0.0, 0.0, 1.8538109064102173, 2.2345213890075684, 0.0, 0.0, 0.11553671956062317, 0.0, 0.0, 0.0, 0.8165222406387329, 0.0, 0.833409309387207, 0.31241780519485474, 0.0, 0.0, 0.0, 0.0, 1.8198823928833008, 0.36400169134140015, 1.976520299911499, 0.3154832422733307, 1.886702299118042, 0.0, 2.749276638031006, 0.0, 0.8241528272628784, 0.0, 0.0, 2.1050608158111572, 0.0, 0.0, 1.2453237771987915, 0.0, 0.0, 0.0, 0.0, 1.839677333831787, 1.2363152503967285, 0.0, 0.0, 1.1733909845352173, 0.0, 1.0738956928253174, 1.791671872138977, 1.3538172245025635, 0.0, 0.0, 0.0, 0.0, 1.1012039184570312, 0.6281495094299316, 0.7547922730445862, 0.620344877243042, 0.0, 0.0]",0.9323135614395142,True
https://raw.githubusercontent.com/Renumics/spotlight/main/data/fsd50k/324331.wav,Accelerating_and_revving_and_vroom,"Accelerating_and_revving_and_vroom,Vehicle,Engine",test,ATV.mp3,A ATV driving by. ,monkeyman535,"[3.2275736331939697, 5.224489688873291]",Accelerating_and_revving_and_vroom,"[1.659737467765808, 0.0, 0.11237993836402893, 0.7209888696670532, 0.5177192687988281, 1.78574800491333, 0.11176002025604248, 0.0, 0.0, 0.0, 0.0, 0.0, 0.0, 0.0, 0.0, 0.0, 0.0, 2.0903067588806152, 0.0, 0.770388126373291, 0.0, 0.0, 0.0, 0.7377990484237671, 1.2005231380462646, 0.7348775267601013, 0.0, 0.725044846534729, 0.0, 0.0, 0.7504668831825256, 0.0, 0.16637501120567322, 0.0, 0.8317828178405762, 0.0, 1.7794089317321777, 0.0, 2.115407943725586, 2.4930858612060547, 0.24505361914634705, 0.0, 0.0, 0.0, 0.878463089466095, 0.0, 0.0, 0.293244332075119, 0.0, 0.7673139572143555, 0.0, 1.0579721927642822, 0.0, 0.0, 0.0, 0.7571948766708374, 0.35707414150238037, 0.8163158297538757, 0.0, 0.0, 0.6425809264183044, 1.384687900543213, 2.032334566116333, 0.9528131484985352, 2.101473808288574, 3.314946174621582, 0.0, 1.9181458950042725, 1.1338080167770386, 0.0, 0.0, 0.0, 0.0, 0.0, 0.9453855752944946, 1.862107276916504, 0.0, 0.0, 0.33334431052207947, 0.0, 0.0, 0.0, 0.8798553943634033, 0.0, 0.8056244254112244, 0.9225845336914062, 0.0, 0.0, 0.0, 0.0, 1.8035964965820312, 0.5099195241928101, 1.473073959350586, 0.5155739188194275, 2.3181686401367188, 0.0, 1.5700172185897827, 0.0, 1.0312994718551636, 0.0, 0.0, 1.3633723258972168, 0.0, 0.0, 0.8809453248977661, 0.0, 0.0, 0.0, 0.0, 1.826218843460083, 1.1854807138442993, 0.0, 0.0, 1.429819107055664, 0.0, 0.664473295211792, 1.2919535636901855, 1.510718584060669, 0.0, 0.0, 0.0, 0.0, 0.708665132522583, 0.0, 0.3916466236114502, 0.0, 0.0, 0.0]",1.1219943761825562,False
https://raw.githubusercontent.com/Renumics/spotlight/main/data/fsd50k/339703.wav,Accelerating_and_revving_and_vroom,"Race_car_and_auto_racing,Accelerating_and_revving_and_vroom,Car,Motor_vehicle_(road),Vehicle,Engine",train,Audi V8 Acceleration Sound,This is a v8 audi accelerating down a highway up to 217MPH.,FFKoenigsegg20012017,"[11.56353759765625, 13.374693870544434]",Accelerating_and_revving_and_vroom,"[2.111628293991089, 0.0, 0.3407796621322632, 0.1476515233516693, 0.760960042476654, 1.9951905012130737, 0.0, 0.0, 0.0, 0.0, 0.0, 0.0, 0.0, 0.0, 0.0, 0.0, 0.0, 2.2473936080932617, 0.0, 1.4221121072769165, 0.0, 0.0, 0.0, 1.1495469808578491, 0.956584095954895, 0.0, 0.0, 0.38767343759536743, 0.0, 0.14189323782920837, 0.23213979601860046, 0.0, 0.0, 0.0, 0.0, 0.0, 2.0306897163391113, 0.0, 2.003718376159668, 2.908456325531006, 0.26973748207092285, 0.0, 0.3026949167251587, 0.0, 0.017212949693202972, 0.0, 0.0, 0.9297824501991272, 0.0, 1.1448785066604614, 0.0, 0.4499342441558838, 0.0, 0.0, 0.0, 0.8265597820281982, 0.8630684614181519, 1.369234561920166, 0.0, 0.0, 0.0, 0.5525374412536621, 2.0909042358398438, 1.5592131614685059, 2.5235180854797363, 3.551161289215088, 0.0, 0.9943870306015015, 0.8287296295166016, 0.0, 0.0, 0.0, 0.0, 0.0, 0.15573889017105103, 1.7518513202667236, 0.0, 0.0, 0.42736896872520447, 0.0, 0.0, 0.0, 1.1011346578598022, 0.0, 0.7477125525474548, 1.2518541812896729, 0.0, 0.21855008602142334, 0.0, 0.0, 2.01588773727417, 0.7470880150794983, 0.8834452629089355, 0.6688858866691589, 2.8710923194885254, 0.0, 0.6468201279640198, 0.0, 1.596421241760254, 0.0, 0.0, 0.7723899483680725, 0.0, 0.0, 0.4564054608345032, 0.0, 0.0, 0.0, 0.0, 1.84855318069458, 1.4474496841430664, 0.0, 0.0, 1.8377022743225098, 0.0, 0.0, 0.9961452484130859, 1.8870515823364258, 0.0, 0.0, 0.0, 0.0, 0.534054696559906, 0.0, 0.0, 0.0, 0.0, 0.0]",0.7252711057662964,False
https://raw.githubusercontent.com/Renumics/spotlight/main/data/fsd50k/59446.wav,Accelerating_and_revving_and_vroom,"Crowd,Race_car_and_auto_racing,Accelerating_and_revving_and_vroom,Human_group_actions,Car,Motor_vehicle_(road),Vehicle,Engine",test,TC.Salta.08.RevvingUp.PatoDiPalma.wav,"Drive on, until u get there...u got to drive on!!
Roy´s ambience!!
PS: get ready for the future !!",rfhache,"[6.5944671630859375, 10.309659957885742]",Vehicle_horn_and_car_horn_and_honking,"[1.4801533222198486, 0.0, 0.5530273914337158, 0.42614057660102844, 0.1621541678905487, 1.0069037675857544, 0.0, 0.0, 0.0, 0.10249197483062744, 0.0, 0.0, 0.0, 0.0, 0.0, 0.0, 0.0, 1.1902432441711426, 0.0, 0.6498481631278992, 0.0, 0.0, 0.0, 0.5341682434082031, 1.1222842931747437, 0.28890755772590637, 0.0, 0.3651888370513916, 0.0, 0.2428658902645111, 0.6243265271186829, 0.0, 0.0, 0.0, 0.3759717643260956, 0.0, 0.9386086463928223, 0.0, 1.3989360332489014, 2.014821767807007, 0.42507216334342957, 0.0, 0.33320289850234985, 0.0, 0.5277664065361023, 0.0, 0.0, 0.11268951743841171, 0.0, 0.44643276929855347, 0.0, 0.4641942083835602, 0.0, 0.0, 0.0, 0.24866501986980438, 0.20970189571380615, 0.7374075651168823, 0.0, 0.0, 0.358883261680603, 1.1282873153686523, 1.4126423597335815, 0.5223000049591064, 1.4726152420043945, 2.785449981689453, 0.0, 1.4831511974334717, 1.0333188772201538, 0.2525363862514496, 0.0, 0.0, 0.0, 0.0, 0.09085996448993683, 1.1636838912963867, 0.0, 0.0, 0.854866623878479, 0.0, 0.0, 0.0, 0.4205976724624634, 0.0, 1.112781047821045, 0.42193254828453064, 0.0, 0.3194737732410431, 0.0, 0.0, 1.2981215715408325, 0.9996936321258545, 1.246718406677246, 0.3093506693840027, 1.4777055978775024, 0.0, 0.6386412382125854, 0.0, 0.8409356474876404, 0.0, 0.24666112661361694, 1.3754172325134277, 0.0, 0.0, 0.8612644076347351, 0.0, 0.0, 0.0, 0.0, 1.4412903785705566, 1.354543685913086, 0.0, 0.0, 0.9772562384605408, 0.0, 0.3519026041030884, 1.213193416595459, 1.1477100849151611, 0.0, 0.0, 0.0, 0.0, 0.2556595504283905, 0.0, 0.07962429523468018, 0.0, 0.0, 0.0]",1.100780963897705,True
https://raw.githubusercontent.com/Renumics/spotlight/main/data/fsd50k/95955.wav,Accelerating_and_revving_and_vroom,"Race_car_and_auto_racing,Accelerating_and_revving_and_vroom,Car,Motor_vehicle_(road),Vehicle,Engine",train,FiaGT.08.PotreroFunes.RedHotBrakes.57.2.wav,A sudden approach of a high speed  car braking hard at a chicane,rfhache,"[2.252335548400879, 3.6455328464508057]",Accelerating_and_revving_and_vroom,"[1.9419012069702148, 0.0, 0.0, 0.24481433629989624, 0.8942518830299377, 2.4838790893554688, 0.0, 0.0, 0.0, 0.0, 0.0, 0.0, 0.0, 0.0, 0.0, 0.0, 0.0, 2.6943793296813965, 0.0, 1.2607020139694214, 0.0, 0.0, 0.0, 1.0427992343902588, 1.268051028251648, 0.7071105241775513, 0.0, 0.9400796294212341, 0.0, 0.0, 0.39295995235443115, 0.0, 0.09434515237808228, 0.0, 0.6597399711608887, 0.0, 2.3909482955932617, 0.0, 2.8752894401550293, 2.9041154384613037, 0.0, 0.0, 0.0, 0.0, 0.6636854410171509, 0.0, 0.0, 0.5355420708656311, 0.0, 1.3641104698181152, 0.0, 1.3515031337738037, 0.0, 0.0, 0.0, 0.9933615922927856, 0.6450003385543823, 1.1017570495605469, 0.0, 0.0, 0.33053362369537354, 1.2653106451034546, 2.617711067199707, 1.1903777122497559, 2.8214197158813477, 4.090111255645752, 0.0, 2.176262617111206, 1.14531672000885, 0.0, 0.0, 0.0, 0.0, 0.0, 1.1219319105148315, 2.561260938644409, 0.0, 0.0, 0.2659965753555298, 0.0, 0.0, 0.0, 1.1586339473724365, 0.0, 0.757975697517395, 0.9723913669586182, 0.0, 0.0, 0.0, 0.0, 2.55387020111084, 0.48532408475875854, 1.6288648843765259, 0.7143260836601257, 3.042229652404785, 0.0, 1.9561724662780762, 0.0, 1.4382500648498535, 0.0, 0.0, 1.3741220235824585, 0.0, 0.0, 0.7113734483718872, 0.0, 0.0, 0.0, 0.0, 2.38590407371521, 1.1000142097473145, 0.0, 0.0, 1.9910787343978882, 0.0, 0.22090193629264832, 1.7491837739944458, 1.9564814567565918, 0.0, 0.0, 0.0, 0.0, 0.8842278122901917, 0.0293910950422287, 0.012602478265762329, 0.0, 0.0, 0.0]",0.8753347396850586,False
https://raw.githubusercontent.com/Renumics/spotlight/main/data/fsd50k/111020.wav,Bird,"Bird,Wild_animals,Animal",train,golden_breasted_starling.wav,Quiet calls from a Golden-breasted Starling. Recorded with a Zoom H2.,soundbytez,"[0.4643990993499756, 0.9984580278396606]",Bird,"[1.5417380332946777, 0.0, 0.2922726273536682, 1.7066296339035034, 0.2642632722854614, 1.4071390628814697, 0.831142783164978, 0.0, 0.0, 0.18476974964141846, 0.0, 0.3507569432258606, 0.0, 0.5475041270256042, 0.0, 0.0, 0.0, 1.9799848794937134, 0.0, 0.14639940857887268, 0.0, 0.0, 0.0, 0.31837522983551025, 2.0234475135803223, 1.6958727836608887, 0.0, 1.2060281038284302, 0.0, 0.0, 1.6300302743911743, 0.0, 0.5357802510261536, 0.0, 2.171501398086548, 0.0, 1.5077793598175049, 0.0, 2.4754552841186523, 2.70737624168396, 0.5815163254737854, 0.0, 0.0, 0.33518266677856445, 2.1575372219085693, 0.0, 0.0, 0.0, 0.0, 0.22767314314842224, 0.0, 2.002415657043457, 0.0, 0.4437602162361145, 0.0, 0.49606749415397644, 0.045804381370544434, 0.32557135820388794, 0.0, 0.0, 1.69550359249115, 2.5867154598236084, 2.2256789207458496, 0.4676727056503296, 2.115786075592041, 4.003706455230713, 0.0, 3.3187384605407715, 1.8270797729492188, 0.0, 0.7442226409912109, 0.0, 0.0, 0.0, 1.6963906288146973, 2.2135987281799316, 0.0, 0.0, 0.6184607744216919, 0.0, 0.0, 0.0, 0.7767189145088196, 0.0, 1.5719811916351318, 0.49289917945861816, 0.0, 0.0, 0.0, 0.0, 1.8000164031982422, 0.7139763832092285, 2.3352503776550293, 0.31558167934417725, 1.9253883361816406, 0.0, 2.900399684906006, 0.0, 0.7651681303977966, 0.0, 0.0, 2.7623980045318604, 0.0, 0.0, 1.840837001800537, 0.0, 0.0, 0.0, 0.0, 1.962667465209961, 1.7275261878967285, 0.0, 0.0, 1.12517511844635, 0.0, 1.433866024017334, 1.7868328094482422, 1.357635736465454, 0.0, 0.0, 0.0, 0.0, 0.9373583197593689, 0.4031473994255066, 1.1202460527420044, 0.5263819694519043, 0.0, 0.0]",0.8905117511749268,False
https://raw.githubusercontent.com/Renumics/spotlight/main/data/fsd50k/209045.wav,Bird,"Wind,Bird,Wild_animals,Animal",train,Pajaroto En La Laguna Del Delta del Llobrejat,What we can hear is a little wind and a bird communicating with peers. Recorded with a Zoom H1 recorder.,Insestanyricarda,"[1.1377778053283691, 3.529433012008667]",Bird,"[1.3413068056106567, 0.0, 0.0, 0.753970205783844, 1.1413099765777588, 2.5013844966888428, 0.34642255306243896, 0.0, 0.0, 0.0, 0.0, 0.6261937618255615, 0.0, 0.919306755065918, 0.0, 0.0, 0.0, 2.568488121032715, 0.0, 0.9076962471008301, 0.0, 0.0, 0.0, 0.26058435440063477, 0.7718039155006409, 1.1391245126724243, 0.0, 1.4637022018432617, 0.0, 0.0, 0.5290682911872864, 0.0, 1.0006474256515503, 0.0, 1.558901071548462, 0.0, 2.407443046569824, 0.0, 2.824549913406372, 1.8297842741012573, 0.0, 0.0, 0.0, 0.6966366171836853, 1.3380967378616333, 0.0, 0.0, 0.0, 0.0, 1.2126762866973877, 0.0, 2.5305750370025635, 0.0, 0.920400857925415, 0.0, 0.7989420890808105, 1.0053645372390747, 0.3641880750656128, 0.0, 0.0, 1.1365861892700195, 1.0753825902938843, 2.0471761226654053, 1.0501267910003662, 2.5816304683685303, 3.376636028289795, 0.0, 2.259288787841797, 0.9793251156806946, 0.0, 0.9687376022338867, 0.0, 0.0, 0.0, 2.4893672466278076, 2.7515199184417725, 0.0, 0.0, 0.0, 0.0, 0.0, 0.0, 1.5485095977783203, 0.0, 0.0, 1.1078557968139648, 0.0, 0.0, 0.0, 0.0, 2.2547402381896973, 0.0, 1.446704626083374, 0.9549452662467957, 2.621767044067383, 0.0, 3.3985493183135986, 0.0, 1.0180869102478027, 0.0, 0.0, 0.9298824667930603, 0.0, 0.0, 0.8987517356872559, 0.0, 0.0, 0.0, 0.0, 1.5174975395202637, 0.5440310835838318, 0.0, 0.0, 1.7250882387161255, 0.0, 0.7649776935577393, 1.5049631595611572, 1.4249643087387085, 0.0, 0.0, 0.0, 0.0, 1.6629157066345215, 0.6149911880493164, 0.7449665069580078, 0.6347408294677734, 0.0, 0.0]",0.9433960914611816,False
https://raw.githubusercontent.com/Renumics/spotlight/main/data/fsd50k/245704.wav,Bird,"Chirp_and_tweet,Bird_vocalization_and_bird_call_and_bird_song,Bird,Wild_animals,Animal",test,Birdsong 01 (Carmarthen).aif,"Recorded with a Zoom H4N, some car noise in the distance. ",TicAshfield,"[2.6470749378204346, 5.549569129943848]",Bird,"[0.0, 0.0, 0.0, 10.001587867736816, 0.0, 0.0, 9.084115028381348, 0.0, 4.002262115478516, 1.7889070510864258, 0.0, 7.127110481262207, 0.0, 11.338705062866211, 0.0, 0.0, 0.0, 0.0, 0.0, 0.0, 0.0, 0.0, 0.0, 0.0, 6.578098773956299, 8.806157112121582, 0.0, 4.443049430847168, 0.0, 0.0, 8.4325590133667, 0.3550788164138794, 5.911823272705078, 0.0, 13.209941864013672, 0.0, 0.0, 0.0, 3.4911882877349854, 2.486252784729004, 1.825855016708374, 0.0, 0.0, 7.511081695556641, 12.312625885009766, 0.0, 0.0, 0.0, 0.0, 0.0, 2.336038827896118, 10.303699493408203, 0.0, 9.929304122924805, 1.450033187866211, 0.0, 0.0, 0.0, 0.0, 0.0, 12.219232559204102, 10.823953628540039, 1.382443904876709, 0.0, 2.066984176635742, 6.892468452453613, 0.0, 11.741903305053711, 6.019718647003174, 0.0, 10.026801109313965, 0.0, 0.0, 0.0, 9.76236343383789, 3.655055522918701, 0.0, 0.0, 0.0, 0.0, 0.0, 0.0, 0.0, 0.0, 3.9040470123291016, 0.0, 0.0, 0.0, 0.0, 0.0, 0.0, 0.0, 7.148161888122559, 0.0, 0.0, 0.0, 13.664862632751465, 0.0, 0.0, 0.0, 0.0, 11.862835884094238, 0.0, 0.0, 9.09852409362793, 0.0, 0.0, 0.0, 0.0, 1.5779691934585571, 3.6357462406158447, 0.0, 0.0, 0.0, 0.0, 8.885736465454102, 3.0910468101501465, 0.0, 0.0, 0.0, 0.0, 0.0, 5.676784515380859, 4.335244655609131, 10.142765998840332, 10.42199420928955, 0.0, 0.0]",5.8225825341651216e-05,False
https://raw.githubusercontent.com/Renumics/spotlight/main/data/fsd50k/346933.wav,Bird,"Bird_vocalization_and_bird_call_and_bird_song,Dog,Bird,Wild_animals,Animal,Domestic_animals_and_pets",test,Woods NL 01 160603_0902.wav,"Mixed forest daytime 1pm. NoWind!!
<img alt="""" src=""http://static.panoramio.com/photos/small/130882816.jpg"" />
A lot of bird singing. A dog barking far t the end.

Date time; June 3rd 2016, 1pm.

Location; woods Vughtse heide, Noord-Brabant, Netherlands (Holland), Europe. maps: Lat 51.6569 Lon 5.26946.

Weather clouded. wind N 0-1 bft temp 18c 1010 hPa

Gear chain: modified Rode NT4 XY and Rode NTG1, in Rode Blimp > Sound Devices 302 >Tascam dr-100 Mk2. Decoded Mid-side to STEREO

RAW 50 minute 96/24 MID-SIDE-file available on PM request. File-name: 160603_0902 MS.wav

When you use this sound it would be nice if you spent a voluntarily donation to freesound.
<b>YOU ALWAYS HAVE TO CREDIT/ATTRIBUTE</b> me (klankbeeld) and freesound.org in your work if you use this sound.
Please do it like this if possible: <a href=""http://freesound.org/people/klankbeeld/"" rel=""nofollow"">http://freesound.org/people/klankbeeld/</a>
Thank you.
<b>This sound may NOT be used in (royalty free) stock material. Don't put my raw sounds/files on youtube or anywhere else. You can use them in creative way as a part of art-form, but not ""re-distribute"" raw. Thank you.</b>",klankbeeld,"[6.548027038574219, 9.079002380371094]",Bird,"[0.0, 0.0, 0.036387085914611816, 8.137818336486816, 0.0, 0.0, 7.070829391479492, 0.0, 3.547541618347168, 1.6357966661453247, 0.0, 5.271453857421875, 0.0, 8.798110008239746, 0.0, 0.0, 0.0, 0.0, 0.0, 0.0, 0.0, 0.0, 0.0, 0.0, 5.084568977355957, 6.861392498016357, 0.0, 3.3592934608459473, 0.0, 0.0, 7.005283355712891, 0.0, 4.617657661437988, 0.0, 10.277223587036133, 0.0, 0.0, 0.0, 2.394066095352173, 2.016927480697632, 1.8658866882324219, 0.0, 0.0, 6.0466156005859375, 9.694759368896484, 0.0, 0.0, 0.0, 0.0, 0.0, 1.9646456241607666, 7.648773193359375, 0.0, 7.597203254699707, 1.5582044124603271, 0.0, 0.0, 0.0, 0.0, 0.0, 9.699689865112305, 8.540788650512695, 1.1001225709915161, 0.0, 1.399611234664917, 5.280205726623535, 0.0, 9.025075912475586, 4.825454235076904, 0.20226871967315674, 7.7811994552612305, 0.0, 0.0, 0.0, 7.363130569458008, 2.5416927337646484, 0.0, 0.0, 0.0, 0.0, 0.0, 0.0, 0.0, 0.0, 3.408156633377075, 0.0, 0.0, 0.0, 0.0, 0.0, 0.0, 0.0, 5.588950157165527, 0.0, 0.0, 0.0, 10.452482223510742, 0.0, 0.0, 0.0, 0.0, 9.063945770263672, 0.0, 0.0, 7.195167541503906, 0.0, 0.0, 0.0, 0.0, 1.0807249546051025, 3.389500141143799, 0.0, 0.0, 0.0, 0.0, 7.194861888885498, 2.3150057792663574, 0.0, 0.0, 0.0, 0.22667014598846436, 0.0, 4.350752830505371, 2.982234001159668, 8.176534652709961, 8.153718948364258, 0.0, 0.0]",0.0010610063327476382,False
https://raw.githubusercontent.com/Renumics/spotlight/main/data/fsd50k/353448.wav,Bird,"Chirp_and_tweet,Bird_vocalization_and_bird_call_and_bird_song,Bird,Wild_animals,Animal",train,brd27.mp3,A piece of Nature. Individual bird chirps and phrases that were used in a installation called AmbiGen created by JCG Musics at 2015.,tec studios,"[0.6269387602806091, 1.3931972980499268]",Bird,"[0.0, 0.0, 0.0, 16.4273681640625, 0.0, 0.0, 15.322378158569336, 0.0, 6.944962501525879, 3.112288475036621, 0.0, 11.942209243774414, 0.0, 19.58032989501953, 0.0, 0.0, 0.0, 0.0, 0.0, 0.0, 0.0, 0.0, 0.0, 0.0, 9.97607421875, 13.532890319824219, 0.0, 7.3485565185546875, 0.0, 0.0, 13.572244644165039, 1.9377026557922363, 10.753341674804688, 0.0, 21.31471824645996, 0.0, 0.0, 0.0, 5.53867244720459, 2.9411699771881104, 2.518559455871582, 0.0, 0.0, 12.777743339538574, 20.110742568969727, 0.0, 0.0, 0.0, 0.0, 0.0, 4.170446395874023, 16.988550186157227, 0.0, 17.28891372680664, 2.3976969718933105, 0.0, 0.0, 0.0, 0.0, 0.0, 20.07390594482422, 16.411392211914062, 1.478395700454712, 0.0, 3.0112433433532715, 10.095861434936523, 0.0, 17.899253845214844, 9.078835487365723, 0.0, 17.571548461914062, 0.0, 0.0, 0.0, 16.46051788330078, 5.72974967956543, 0.0, 0.0, 0.0, 0.0, 0.0, 0.0, 0.0, 0.0, 5.316121578216553, 0.0, 0.0, 0.0, 0.0, 0.0, 0.0, 0.0, 10.647676467895508, 0.0, 0.0, 0.0, 22.37563705444336, 0.0, 0.0, 0.0, 0.0, 18.373592376708984, 0.0, 0.0, 14.742767333984375, 0.0, 0.0, 0.0, 0.0, 1.7941257953643799, 5.419113636016846, 0.0, 0.0, 0.0, 0.0, 14.640949249267578, 4.347310543060303, 0.0, 0.0, 0.0, 0.015250802040100098, 0.0, 9.710689544677734, 7.040427207946777, 17.029125213623047, 17.426189422607422, 0.0, 0.0]",9.701251002525169e-08,False
https://raw.githubusercontent.com/Renumics/spotlight/main/data/fsd50k/168258.wav,Siren,"Walk_and_footsteps,Siren,Alarm",train,Footsteps on Wood,The sound of loafer on plank. ,gmarchisio,"[0.0, 0.3947392404079437]",,,,False
https://raw.githubusercontent.com/Renumics/spotlight/main/data/fsd50k/184623.wav,Siren,"Motor_vehicle_(road),Siren,Vehicle,Alarm",train,Ambulance Siren,Ambulance car passing by. Recorded with CanonLegria camcorder.,LanDub,"[1.4628571271896362, 12.561995506286621]",Bird,"[0.0, 0.0, 0.3199414610862732, 5.361043930053711, 0.0, 0.0, 4.245680332183838, 0.0, 3.2138619422912598, 1.3913646936416626, 0.0, 2.4636480808258057, 0.0, 5.117772102355957, 0.0, 0.0, 0.0, 0.0, 1.7221310138702393, 0.0, 0.0, 0.0, 0.0, 0.0, 1.514018177986145, 2.777336597442627, 0.0, 1.260840654373169, 0.0, 0.0, 4.599036693572998, 1.071468472480774, 3.2468056678771973, 0.0, 4.8228864669799805, 0.0, 0.0, 0.0, 0.0, 0.1892234981060028, 1.4404253959655762, 0.0, 0.6475183367729187, 3.6683664321899414, 5.202901840209961, 0.0, 0.0, 0.0, 0.0, 0.0, 1.6591770648956299, 3.1688737869262695, 0.0, 4.976872444152832, 2.53682279586792, 0.0, 0.0, 0.0, 0.0, 0.0, 5.841198921203613, 3.498551845550537, 0.0, 0.0, 0.0, 0.8810237646102905, 0.0, 2.5050852298736572, 2.068967580795288, 1.1947602033615112, 5.119349479675293, 0.0, 0.0, 0.0, 3.7986531257629395, 0.0, 0.0, 0.0, 0.0, 0.0, 0.0, 0.0, 0.0, 0.0, 1.0477590560913086, 1.3071668148040771, 0.0, 0.0, 0.0, 0.0, 0.0, 0.0, 1.4469685554504395, 0.0, 0.0, 0.0, 4.460463523864746, 0.0, 0.0, 0.0, 0.0, 2.579962730407715, 0.0, 0.0, 4.214725494384766, 0.0, 0.04623943567276001, 0.0, 0.0, 0.0, 2.5728018283843994, 0.0, 0.0, 0.0, 0.0, 4.940859794616699, 0.0, 0.0, 0.0, 0.0, 1.1086362600326538, 0.0, 2.4574174880981445, 0.10484564304351807, 5.688388824462891, 4.945058822631836, 0.0, 0.0]",0.48661723732948303,True
https://raw.githubusercontent.com/Renumics/spotlight/main/data/fsd50k/262278.wav,Siren,"Siren,Alarm",train,Warning Siren / War Siren  - Trondheim Norway.mp3,A Warning Siren test in Trondheim Norway January 2015. Recorded on a Roland R-05.,Ubehag,"[0.952018141746521, 13.072834014892578]",Vehicle_horn_and_car_horn_and_honking,"[1.6073216199874878, 0.0, 1.5276072025299072, 2.7749173641204834, 0.0, 0.0, 1.640724778175354, 0.0, 2.2555155754089355, 0.6964341402053833, 0.0, 0.0, 0.0, 0.0, 0.0, 0.0, 0.0, 0.023929297924041748, 0.3797450065612793, 0.0, 0.0, 0.0, 0.0, 0.0, 0.7372291684150696, 0.0, 0.0, 0.33591213822364807, 0.0, 1.342971682548523, 3.301513195037842, 0.0, 0.8821730017662048, 0.0, 1.5752103328704834, 0.0, 0.0, 0.0, 0.0, 1.2793048620224, 2.210651397705078, 0.0, 1.2617402076721191, 0.0, 1.854292392730713, 0.0, 0.0, 0.0, 0.0, 0.0, 1.058495044708252, 1.0863614082336426, 0.0, 2.1412415504455566, 2.440279483795166, 0.0, 0.43264636397361755, 0.0, 0.0, 0.0, 2.2025656700134277, 2.024392604827881, 0.0, 0.7166489958763123, 0.060166120529174805, 1.6442738771438599, 0.0, 1.0498158931732178, 1.561314344406128, 1.7863540649414062, 0.0, 0.45515888929367065, 0.0, 0.0, 0.0, 0.0, 0.0, 0.0, 1.2922354936599731, 0.0, 0.0, 0.0, 0.5975010991096497, 0.0, 2.5832901000976562, 1.0607985258102417, 0.5792002081871033, 0.07204921543598175, 0.0, 0.0, 0.0, 0.9692404270172119, 0.6845015287399292, 0.0, 0.0, 0.0, 1.1170974969863892, 0.0, 0.7697370648384094, 0.0, 0.2744518518447876, 1.130692720413208, 0.0, 0.0, 2.749447822570801, 0.0, 0.0, 0.0, 0.16366222500801086, 0.0, 3.447195053100586, 0.0, 0.0, 0.0, 0.0, 2.234046459197998, 0.0, 0.07623946666717529, 0.0, 0.0, 1.5216145515441895, 0.0, 0.7141886353492737, 0.0, 2.0855824947357178, 0.0, 0.0, 0.0]",0.9927008152008057,True
https://raw.githubusercontent.com/Renumics/spotlight/main/data/fsd50k/353265.wav,Siren,"Motor_vehicle_(road),Siren,Aircraft,Vehicle,Alarm",test,Emergency Vehicles,"I combined the sound of a bunch of different emergency vehicles for an episode of Bloody, Bold, Irresolute.  It's great for emergency situations and run-ins with the law.",TheSpiderWriter,"[13.942307472229004, 19.040363311767578]",Siren,"[0.5256224274635315, 0.0, 0.6964371204376221, 3.920196533203125, 0.0, 0.0, 2.8292489051818848, 0.0, 2.8853893280029297, 1.3112072944641113, 0.0, 1.0152668952941895, 0.0, 2.5722179412841797, 0.0, 0.0, 0.0, 0.0, 2.02763032913208, 0.0, 0.0, 0.0, 0.0, 0.0, 0.5347780585289001, 0.8957231640815735, 0.0, 0.2158394455909729, 0.0, 0.4468490183353424, 3.6845529079437256, 1.0326948165893555, 2.1158649921417236, 0.0, 2.3032565116882324, 0.0, 0.0, 0.0, 0.0, 0.0, 1.6904562711715698, 0.0, 1.0994746685028076, 1.9860960245132446, 2.9591546058654785, 0.0, 0.0, 0.0, 0.0, 0.0, 1.5884549617767334, 1.1514902114868164, 0.0, 3.343055486679077, 3.139882802963257, 0.0, 0.0, 0.0, 0.0, 0.0, 3.6055045127868652, 1.7595324516296387, 0.0, 0.0, 0.0, 0.0, 0.0, 0.22271063923835754, 1.2399537563323975, 1.871140718460083, 2.858839750289917, 0.0, 0.0, 0.0, 1.7099303007125854, 0.0, 0.0, 0.0, 0.0, 0.0, 0.0, 0.0, 0.0, 0.0, 0.8394045829772949, 1.0675054788589478, 0.0, 0.0, 0.0, 0.0, 0.0, 0.17110389471054077, 0.1356477290391922, 0.0, 0.0, 0.0, 1.636634349822998, 0.0, 0.0, 0.0, 0.0, 0.4322494566440582, 0.0, 0.0, 2.9736499786376953, 0.0, 0.17469267547130585, 0.0, 0.0, 0.0, 2.713075637817383, 0.0, 0.0, 0.0, 0.0, 3.6427817344665527, 0.0, 0.0, 0.0, 0.0, 1.7657029628753662, 0.0, 1.2514328956604004, 0.0, 3.7245116233825684, 2.4783411026000977, 0.0, 0.0]",0.7808129191398621,False
https://raw.githubusercontent.com/Renumics/spotlight/main/data/fsd50k/421017.wav,Siren,"Motor_vehicle_(road),Siren,Vehicle,Alarm",train,Ambulance in Oradea,"a short recording of the ambulance sound taken in Oradea, Romania",GirlWithSoundRecorder,"[0.41795918345451355, 9.47374153137207]",Bird,"[0.4025990962982178, 0.0, 0.5666477084159851, 2.677340269088745, 0.0, 0.0, 2.0019376277923584, 0.0, 0.9339816570281982, 0.697500467300415, 0.0, 1.4096660614013672, 0.0, 2.4037258625030518, 0.0, 0.0, 0.0, 0.1963426172733307, 0.0, 0.0, 0.0, 0.0, 0.0, 0.0, 2.279775619506836, 2.372091054916382, 0.0, 1.0959447622299194, 0.0, 0.0, 2.417908191680908, 0.0, 0.7903334498405457, 0.0, 3.3696229457855225, 0.0, 0.0, 0.0, 1.103593111038208, 1.5880064964294434, 0.7722914814949036, 0.0, 0.17687371373176575, 1.5992035865783691, 3.1211416721343994, 0.0, 0.0, 0.0, 0.0, 0.0, 0.50519198179245, 2.3624749183654785, 0.0, 1.8210759162902832, 0.4712716341018677, 0.0, 0.0, 0.0, 0.0, 0.0, 3.0727665424346924, 3.404118061065674, 0.845691978931427, 0.0, 0.8574579954147339, 2.79626727104187, 0.0, 3.614771842956543, 2.165440797805786, 0.5348494648933411, 2.050786256790161, 0.0, 0.0, 0.0, 2.0135581493377686, 1.164425015449524, 0.0, 0.0, 0.46915334463119507, 0.0, 0.0, 0.0, 0.0, 0.0, 1.7966392040252686, 0.0, 0.0, 0.0, 0.0, 0.0, 0.3929658532142639, 0.4515255093574524, 2.441004753112793, 0.0, 0.0, 0.0, 3.1594316959381104, 0.0, 0.0, 0.0, 0.0, 3.431333065032959, 0.0, 0.0, 2.5898990631103516, 0.0, 0.0, 0.0, 0.0, 1.0283440351486206, 1.6789354085922241, 0.0, 0.0, 0.0, 0.0, 2.412567615509033, 1.3692346811294556, 0.05159032344818115, 0.0, 0.0, 0.0, 0.0, 1.0599015951156616, 0.8286468982696533, 2.370861053466797, 2.34997820854187, 0.0, 0.0]",0.3782519996166229,True
https://raw.githubusercontent.com/Renumics/spotlight/main/data/fsd50k/151359.wav,Vehicle_horn_and_car_horn_and_honking,"Traffic_noise_and_roadway_noise,Vehicle_horn_and_car_horn_and_honking,Car,Motor_vehicle_(road),Vehicle,Alarm",train,KEY FOB.wav,Nissan Altima Coupe 09 Key Fob lock,shakaharu,"[8.939682960510254, 9.33442211151123]",Vehicle_horn_and_car_horn_and_honking,"[0.9130274653434753, 0.0, 0.4478605389595032, 0.9131789207458496, 0.07763949036598206, 0.6012290120124817, 0.35654008388519287, 0.0, 0.1486259400844574, 0.22017742693424225, 0.0, 0.13122281432151794, 0.0, 0.39179766178131104, 0.0, 0.0, 0.0, 0.7656832337379456, 0.0, 0.13875679671764374, 0.0, 0.0, 0.0, 0.05420815944671631, 1.0966169834136963, 0.673783004283905, 0.0, 0.5702677965164185, 0.0, 0.08761504292488098, 1.0270445346832275, 0.0, 0.0, 0.0, 1.0896506309509277, 0.0, 0.51344233751297, 0.0, 1.1131607294082642, 1.3655753135681152, 0.38435739278793335, 0.0, 0.24114441871643066, 0.2010815441608429, 1.076411485671997, 0.0, 0.0, 0.0, 0.0, 0.013773627579212189, 0.032659828662872314, 0.9285100102424622, 0.0, 0.2566867470741272, 0.009667783975601196, 0.0, 0.0, 0.2454427182674408, 0.0, 0.0, 0.9264563918113708, 1.4388494491577148, 0.9908682703971863, 0.06081143021583557, 0.938132643699646, 2.2879819869995117, 0.0, 1.7591174840927124, 1.1212728023529053, 0.3608366549015045, 0.3038480281829834, 0.0, 0.0, 0.0, 0.5138375163078308, 0.9921833276748657, 0.0, 0.0, 0.6303119659423828, 0.0, 0.0, 0.0, 0.3624233603477478, 0.0, 1.1491551399230957, 0.17677411437034607, 0.0, 0.0, 0.0, 0.0, 0.8377700448036194, 0.7569687962532043, 1.259365439414978, 0.10846307128667831, 0.7627332806587219, 0.0, 1.104565978050232, 0.0, 0.4082093834877014, 0.0, 0.22313910722732544, 1.5571765899658203, 0.0, 0.0, 1.087551474571228, 0.0, 0.0, 0.0, 0.0, 0.9694877862930298, 1.2054675817489624, 0.0, 0.0, 0.6316052675247192, 0.0, 0.7650489807128906, 1.0734235048294067, 0.6506201028823853, 0.0, 0.0, 0.0, 0.0, 0.46196800470352173, 0.2548603415489197, 0.5489426255226135, 0.2993715703487396, 0.0, 0.0]",1.1442660093307495,False
https://raw.githubusercontent.com/Renumics/spotlight/main/data/fsd50k/176634.wav,Vehicle_horn_and_car_horn_and_honking,"Vehicle_horn_and_car_horn_and_honking,Car,Motor_vehicle_(road),Vehicle,Alarm",train,peugot 206 car interior horn claxon playing with engine,"Recorded with a Sony PCM-D50 from the inside of a peugot 206 on a dry sunny day.

Driver uses horn and toys with the engine.",jorickhoofd,"[2.133356809616089, 5.04339599609375]",Accelerating_and_revving_and_vroom,"[1.0905380249023438, 0.0, 0.0, 0.6339118480682373, 0.7715718746185303, 1.7276298999786377, 0.501109778881073, 0.0, 0.0, 0.00012943148612976074, 0.0, 0.23903049528598785, 0.0, 0.5077109932899475, 0.0, 0.0, 0.0, 1.706324815750122, 0.0, 0.65418541431427, 0.0, 0.0, 0.0, 0.25511741638183594, 0.4375717043876648, 0.5794800519943237, 0.0, 0.8992348909378052, 0.0, 0.0, 0.6557921171188354, 0.0, 0.5452796220779419, 0.0, 1.0758962631225586, 0.0, 1.7217559814453125, 0.0, 1.8193200826644897, 1.2274104356765747, 0.0, 0.0, 0.0, 0.26107123494148254, 0.9666059017181396, 0.0, 0.0, 0.002691410481929779, 0.0, 0.877170979976654, 0.0, 1.5810209512710571, 0.0, 0.7719928622245789, 0.0, 0.4525654911994934, 0.8523359298706055, 0.36164525151252747, 0.0, 0.0, 0.8840090036392212, 0.8186002969741821, 1.3364934921264648, 0.8544700145721436, 1.8190056085586548, 2.4193921089172363, 0.0, 1.3840055465698242, 0.6951024532318115, 0.0, 0.332705557346344, 0.0, 0.0, 0.0, 1.3985594511032104, 1.6279646158218384, 0.0, 0.0, 0.0, 0.0, 0.0, 0.0, 1.1254018545150757, 0.0, 0.3549502491950989, 0.938605546951294, 0.0, 0.0, 0.0, 0.0, 1.570317268371582, 0.0, 0.8977874517440796, 0.6282336711883545, 1.779749870300293, 0.0, 1.923722505569458, 0.0, 0.7377164959907532, 0.0, 0.0, 0.7354381084442139, 0.0, 0.0, 0.704064130783081, 0.0, 0.0, 0.0, 0.0, 0.9055770039558411, 0.6983640193939209, 0.0, 0.0, 1.4934481382369995, 0.0, 0.5218579769134521, 0.9978283643722534, 0.9532179236412048, 0.0, 0.0, 0.0, 0.0, 1.092632532119751, 0.2011750340461731, 0.7276893854141235, 0.2831178903579712, 0.0, 0.0]",1.1318110227584839,True
https://raw.githubusercontent.com/Renumics/spotlight/main/data/fsd50k/176638.wav,Vehicle_horn_and_car_horn_and_honking,"Vehicle_horn_and_car_horn_and_honking,Car,Motor_vehicle_(road),Vehicle,Alarm",train,peugot 206 car exterior engine stationary horn claxon reverb,"Recorded with a Sony PCM-D50 from the outside of a peugot 206 on a dry sunny day.

Idle engine in a small hall. Using horn.",jorickhoofd,"[6.5944671630859375, 7.314285755157471]",Vehicle_horn_and_car_horn_and_honking,"[4.560175895690918, 0.0, 5.67482852935791, 7.589868545532227, 0.0, 0.0, 4.663668632507324, 0.0, 7.107082843780518, 2.7306642532348633, 0.0, 0.6330841779708862, 0.0, 0.6191222071647644, 0.0, 0.0, 0.0, 0.0, 1.954786777496338, 0.0, 0.0, 0.0, 0.0, 0.0, 3.9135985374450684, 0.5492767095565796, 0.0, 0.0, 0.0, 5.088115692138672, 8.994043350219727, 0.0, 1.00344979763031, 0.0, 3.1501872539520264, 0.0, 0.0, 0.0, 0.0, 2.912562847137451, 6.5955328941345215, 0.0, 5.081663131713867, 0.30353105068206787, 4.31170654296875, 0.0, 0.0, 0.0, 0.0, 0.0, 3.840904712677002, 0.05535097420215607, 0.0, 4.204619407653809, 9.735153198242188, 0.0, 0.0, 0.0, 0.0, 0.0, 5.257963180541992, 5.627218246459961, 0.0, 0.0, 0.0, 2.36519455909729, 0.0, 2.581608295440674, 5.556427955627441, 8.570184707641602, 0.3671601414680481, 2.272723436355591, 0.0, 0.0, 0.0, 0.0, 0.0, 0.0, 5.122187614440918, 0.0, 0.0, 0.0, 0.0, 0.0, 7.187077522277832, 0.16919779777526855, 0.0, 1.3897489309310913, 0.0, 0.0, 0.0, 6.003352165222168, 2.819286584854126, 0.0, 0.0, 0.0, 0.9984278082847595, 0.0, 0.7976340651512146, 0.0, 2.0058786869049072, 2.5964772701263428, 0.0, 0.0, 8.367063522338867, 0.0, 0.0, 0.0, 0.0, 0.0, 11.362066268920898, 0.0, 0.0, 0.0, 0.0, 7.096728324890137, 0.0, 0.020380914211273193, 0.0, 0.0, 6.4053802490234375, 0.0, 0.0, 0.0, 5.676734924316406, 0.3008362650871277, 0.0, 0.0]",0.05128476023674011,False
https://raw.githubusercontent.com/Renumics/spotlight/main/data/fsd50k/179862.wav,Vehicle_horn_and_car_horn_and_honking,"Traffic_noise_and_roadway_noise,Vehicle_horn_and_car_horn_and_honking,Car,Motor_vehicle_(road),Vehicle,Alarm",train,car horn 1 - 26.3.11.wav,Various car horns recorded from my flat on the Zoom H2.,toiletrolltube,"[0.18575963377952576, 0.6965986490249634]",Vehicle_horn_and_car_horn_and_honking,"[2.203664541244507, 0.0, 2.879575252532959, 3.0208654403686523, 0.0, 0.0, 1.560853123664856, 0.0, 3.0342297554016113, 1.108447551727295, 0.0, 0.0904969722032547, 0.0, 0.0, 0.0, 0.0, 0.0, 0.0, 0.2951294183731079, 0.0, 0.0, 0.0, 0.0, 0.0, 2.1741228103637695, 0.22453689575195312, 0.0, 0.0, 0.0, 2.50765061378479, 3.794738531112671, 0.0, 0.0, 0.0, 1.3826415538787842, 0.0, 0.0, 0.0, 0.0, 1.6870753765106201, 2.902338743209839, 0.0, 2.5430550575256348, 0.0, 1.6923067569732666, 0.0, 0.0, 0.0, 0.0, 0.0, 1.7325103282928467, 0.0, 0.0, 1.2766460180282593, 4.200089454650879, 0.0, 0.0, 0.0, 0.0, 0.0, 1.8127713203430176, 2.7888150215148926, 0.0, 0.0, 0.0, 1.6493680477142334, 0.0, 1.7679365873336792, 2.7170662879943848, 3.890256881713867, 0.0, 1.1525702476501465, 0.0, 0.0, 0.0, 0.0, 0.0, 0.0, 2.7927775382995605, 0.0, 0.0, 0.0, 0.0, 0.0, 3.6673784255981445, 0.0, 0.0, 1.0452544689178467, 0.0, 0.0, 0.0, 3.253647565841675, 1.7049782276153564, 0.0, 0.0, 0.0, 0.11167861521244049, 0.0, 0.47206175327301025, 0.0, 1.3098976612091064, 1.8307390213012695, 0.0, 0.0, 3.6200754642486572, 0.0, 0.0, 0.0, 0.0, 0.42830678820610046, 5.131689071655273, 0.0, 0.0, 0.0, 0.0, 2.6382694244384766, 0.43650734424591064, 0.31968000531196594, 0.0, 0.0, 2.8322975635528564, 0.0, 0.0, 0.0, 2.0167055130004883, 0.0, 0.0, 0.0]",0.20480529963970184,False
https://raw.githubusercontent.com/Renumics/spotlight/main/data/fsd50k/182474.wav,Vehicle_horn_and_car_horn_and_honking,"Traffic_noise_and_roadway_noise,Vehicle_horn_and_car_horn_and_honking,Car,Motor_vehicle_(road),Vehicle,Alarm",train,car horn.wav,A simple car horn blow in traffic.,keweldog,"[1.160997748374939, 2.670294761657715]",Vehicle_horn_and_car_horn_and_honking,"[2.356353521347046, 0.0, 3.094771146774292, 2.6352243423461914, 0.0, 0.0, 1.2866029739379883, 0.0, 2.821728467941284, 1.0223631858825684, 0.0, 0.0, 0.0, 0.0, 0.0, 0.0, 0.0, 0.0, 0.04452034458518028, 0.0, 0.0, 0.0, 0.0, 0.0, 2.257473945617676, 0.007607579231262207, 0.0, 0.0, 0.0, 2.674003839492798, 3.5309667587280273, 0.0, 0.0, 0.0, 1.0561491250991821, 0.0, 0.0, 0.0, 0.0, 1.9210125207901, 2.860001564025879, 0.0, 2.4906344413757324, 0.0, 1.2953274250030518, 0.0, 0.0, 0.0, 0.0, 0.0, 1.6022415161132812, 0.0, 0.0, 0.8798503279685974, 4.070056438446045, 0.0, 0.0, 0.0, 0.0, 0.0, 1.3376766443252563, 2.6671810150146484, 0.0, 0.0, 0.0, 1.9534666538238525, 0.0, 1.763708233833313, 2.812147617340088, 3.854372978210449, 0.0, 1.3436201810836792, 0.0, 0.0, 0.0, 0.0, 0.0, 0.0, 3.036336898803711, 0.0, 0.0, 0.0, 0.0, 0.0, 3.7888998985290527, 0.0, 0.0, 1.261178731918335, 0.0, 0.0, 0.0, 3.322216272354126, 1.7164509296417236, 0.0, 0.0, 0.0, 0.0, 0.0, 0.7553964853286743, 0.0, 1.3595738410949707, 1.8563203811645508, 0.0, 0.0, 3.412193775177002, 0.0, 0.0, 0.0, 0.06801003217697144, 0.6574292182922363, 5.054660320281982, 0.0, 0.0, 0.0, 0.0, 2.235264539718628, 0.4630485773086548, 0.628263533115387, 0.0, 0.0, 2.780083417892456, 0.0, 0.0, 0.0, 1.5929675102233887, 0.0, 0.0, 0.0]",0.15469004213809967,False
